{
  "eye": {
    "orientation": [
      0.10390879958868027,
      0.23687897622585297,
      -0.0027698874473571777,
      0.9659625887870789
    ],
    "magnitude": 0.13253657519817352,
    "position": [
      150.43621826171875,
      -82.22393035888672,
      361.37078857421875
    ]
  },
  "radius": 100,
  "type": "ORTHOGRAPHIC"
}