{
  "eye": {
    "orientation": [
      -0.013027108274400234,
      -0.060664787888526917,
      -0.13252517580986023,
      0.9892356991767883
    ],
    "magnitude": 0.24763263761997223,
    "position": [
      -54.51043701171875,
      19.571163177490234,
      464.0163269042969
    ]
  },
  "radius": 100,
  "type": "ORTHOGRAPHIC"
}